{"cameraMode":{"drawMode":0,"name":"Shaded","section":"Shading Mode"},"sceneLighting":true,"audioPlay":false,"sceneViewState":{"showFog":true,"showMaterialUpdate":false,"showSkybox":true,"showFlares":true,"showImageEffects":true,"showParticleSystems":true},"in2DMode":false,"pivot":{"x":-0.013493061065673828,"y":47.10057830810547,"z":-7.236797332763672},"rotation":{"x":-0.16861334443092347,"y":-0.33633309602737429,"z":0.061336152255535129,"w":-0.9245027899742127},"size":14.018112182617188,"orthographic":false}