{"cameraMode":{"drawMode":0,"name":"Shaded","section":"Shading Mode"},"sceneLighting":true,"audioPlay":false,"sceneViewState":{"showFog":true,"showMaterialUpdate":false,"showSkybox":true,"showFlares":true,"showImageEffects":true,"showParticleSystems":true},"in2DMode":false,"pivot":{"x":23.65867805480957,"y":1.4294161796569825,"z":-15.215500831604004},"rotation":{"x":0.045444097369909289,"y":0.9338204860687256,"z":-0.12826426327228547,"w":0.33085253834724429},"size":171.29383850097657,"orthographic":false}