{"cameraMode":{"drawMode":0,"name":"Shaded","section":"Shading Mode"},"sceneLighting":true,"audioPlay":false,"sceneViewState":{"showFog":true,"showMaterialUpdate":false,"showSkybox":false,"showFlares":true,"showImageEffects":true,"showParticleSystems":true},"in2DMode":false,"pivot":{"x":0.43813228607177737,"y":0.5052824020385742,"z":0.5187077522277832},"rotation":{"x":0.014229186810553074,"y":0.9783987998962402,"z":-0.19324354827404023,"w":0.07204234600067139},"size":11402.0810546875,"orthographic":false}