{"cameraMode":{"drawMode":0,"name":"Shaded","section":"Shading Mode"},"sceneLighting":true,"audioPlay":false,"sceneViewState":{"showFog":true,"showMaterialUpdate":false,"showSkybox":true,"showFlares":true,"showImageEffects":true,"showParticleSystems":true},"in2DMode":false,"pivot":{"x":-44.899993896484378,"y":-5.900000095367432,"z":38.0},"rotation":{"x":0.026510832831263543,"y":0.9542451500892639,"z":-0.08900175243616104,"w":0.2842395305633545},"size":629.9013061523438,"orthographic":false}